fill	x	y	tooltip
#FBFDFF	0.683816522286173	0.0464934872937747	BROWNSVILLE 6.4 SE
#FFFFFF	0.693234362389218	0.054637536021213	BROWNSVILLE 12.6 E
#C9E6FF	0.61710912985042	0.0749422271416637	MISSION 4.3 WSW
#F1F8FF	0.633998918094041	0.0662438714327768	SANTA ANA NWR
#F0F8FF	0.65980103002341	0.0745243649556486	HARLINGEN 4.7 WSW
#F0F8FF	0.679772390947808	0.0656639810521844	LOS FRESNOS 0.3 NE
#EEF7FF	0.688781662987558	0.0732281393990302	PORT ISABEL CAMERON CO AIRPORT
#FFFFFF	0.583128731772744	0.0908636292088124	RIO GRANDE CITY 2.8 W
#FFFFFF	0.587269811465112	0.0912303245965401	RIO GRANDE CITY
#F1F8FF	0.611700796673597	0.0938824703077793	LA JOYA 11.1 N
#9ED3FF	0.632572392313727	0.0845104184214394	EDINBURG
#FFFFFF	0.652384480942263	0.0817388835141958	SANTA ROSA 3 WNW
#BEE1FF	0.679592344004661	0.0875718985189789	RIO HONDO 9.4 NE
#FFFFFF	0.564729319159664	0.106682697679386	FALCON DAM
#6ABBFF	0.635148448577206	0.107271115859693	SAN MANUEL
#75C0FF	0.658485302361956	0.119372063654704	RAYMONDVILLE
#95CFFF	0.683200207750018	0.106657114280243	PORT MANSFIELD
#D4EBFF	0.575559835278165	0.146643967141979	ESCOBAS
#BAE0FF	0.635148448577206	0.155905157632029	FALFURRIAS
#D7EDFF	0.549231432284213	0.171306363916587	EL CENIZO 8.8 E
#E1F1FF	0.59656300368444	0.171604836906598	HEBBRONVILLE
#E0F1FF	0.611278378845446	0.173387147046948	HEBBRONVILLE 13.6 E
#7BC3FF	0.655694574743186	0.180303192615485	KINGSVILLE 6.5 SSE
#91CDFF	0.692181780260054	0.182460725943278	PADRE ISLAND NATIONAL SEASHORE
#EBF5FF	0.536704319970679	0.199405463976178	LAREDO 8.4 NNW
#AAD8FF	0.571301032584509	0.202057609687417	FREER 29.5 WSW
#A3D5FF	0.614664646353085	0.195269481114599	BENAVIDES 2
#B5DDFF	0.631879904070855	0.194476395741142	ALICE 13.1 SSW
#99D0FF	0.657965936179802	0.194348478745423	BISHOP 0.4 ENE
#97CFFF	0.685146099712485	0.200701689532796	CORPUS CHRISTI BOTANICAL GARDENS
#9ED2FF	0.697167695608724	0.194723701932865	CORPUS CHRISTI 9.0 SSE
#8ECBFF	0.529966409367545	0.221330437042402	LAS TIENDAS RANCH
#5BAAEC	0.547590235148609	0.227726286828348	ENCINAL
#5EAFF2	0.600717933141664	0.218746513728879	FREER
#A3D5FF	0.641311593938757	0.221356020441545	ORANGE GROVE 6.7 WSW
#5FB1F6	0.651138002105096	0.221807993826419	ORANGE GROVE 4.5 SE
#93CDFF	0.680139409716528	0.213305777510968	CORPUS CHRISTI 4.8 W
#9DD2FF	0.703386240029705	0.227316952442047	ARANSAS PASS 6.1 NNW
#ECF6FF	0.553344812446867	0.253795770555865	ARTESIA WELLS 1.1 W
#549CD8	0.569535187565188	0.24968537109343	ARTESIA WELLS 14.0 SE
#A4D5FF	0.607871336690521	0.243025159516331	LOMA ALTA
#61B4FA	0.637066641009958	0.243946161885508	GEORGE WEST 11.3 S
#7DC3FF	0.660091875085417	0.253105018778983	BEEVILLE 9.0 S
#8AC9FF	0.683795747638887	0.239332622239912	WELDER W LIFE FOUND
#80C5FF	0.690942226305315	0.245540860432137	WOODSBORO 3.6 S
#A7D7FF	0.72642532387002	0.240117179813655	MATAGORDA ISLAND
#FFFFFF	0.490113710990325	0.270126507009314	EL INDIO
#5CABED	0.513755259601937	0.27138009356736	CARRIZO SPRINGS 3 W
#77C1FF	0.559113239509981	0.268591503060687	COTULLA LA SALLE CO AIRPORT
#6DBCFF	0.569687534978619	0.267832528886088	LOS ANGELES 4 WSW
#61B4F9	0.588370867771277	0.275336992634932	TILDEN 16.0 NNW
#6EBDFF	0.618971923223742	0.269367532834715	CALLIHAM
#71BEFF	0.635307720873067	0.279140391307641	THREE RIVERS 8.6 NNE
#77C1FF	0.659080842250825	0.275140853241496	NORMANNA 0.5 ENE
#71BEFF	0.687902202919111	0.285041628710141	GOLIAD 2.4 SE
#A3D5FF	0.723883892018684	0.262809654854192	AUSTWELL
#9BD1FF	0.737726731993673	0.266979748914629	SEADRIFT 4.9 ENE
#AFDAFF	0.471797396966388	0.294191957803902	EAGLE PASS 3 N
#FFFFFF	0.499060659088217	0.302787979916213	PESCADO
#A2D4FF	0.510230494445724	0.298489968860057	YOUNDBLOOD
#69BAFF	0.568018638313301	0.305448653427167	PEARSALL
#5196D1	0.60337016311186	0.300562224190704	JOURDANTON 6.0 SSW
#4F94CD	0.605565350841761	0.308117854737835	JOURDANTON 0.6 NW
#B5DDFF	0.637634481369113	0.29779068928346	KARNES CITY 12.6 WSW
#7AC2FF	0.663332720062052	0.300400195996126	RUNGE
#65B9FF	0.678712883936214	0.289578418158305	GOLIAD 6.5 WNW
#7AC2FF	0.700103845758497	0.301457643160736	VICTORIA 12.1 W
#87C8FF	0.718170864014998	0.301611143555599	VICTORIA AIRPORT
#A7D6FF	0.738446919766258	0.307239491367232	EDNA 4.6 SSE
#ABD8FF	0.764415228873917	0.291446006295802	PALACIOS AIRPORT
#ACD9FF	0.783825674321589	0.287941080613103	MATAGORDA 2
#FFFFFF	0.26157181619564	0.326384401726498	CASTOLON
#EAF5FF	0.299852566261544	0.330725051781227	RIO GRANDE VILLAGE
#4E92CB	0.514080729076086	0.313481840758315	LA PRYOR
#69BAFF	0.547292465204175	0.319186938767379	PEARSALL 21.1 WNW
#81C5FF	0.58078812151184	0.326861958510515	DEVINE 0.4 S
#66B9FF	0.598121102230899	0.318999327173658	POTEET 4.9 W
#5298D3	0.617316876323281	0.319434244959103	PLEASANTON 9.1 NE
#5AA7E7	0.632634716255585	0.325693649949615	FLORESVILLE 0.7 S
#5DADF0	0.656615584106204	0.326554957720789	GILLETT 1.6 WNW
#6ABBFF	0.686399503432082	0.325676594350186	CUERO 6.0 WNW
#6EBDFF	0.695284127588115	0.321412694492889	CUERO 2.5 ESE
#8CCBFF	0.728558187658062	0.32022733033256	EDNA 7 NW
#85C7FF	0.744810886718243	0.318607048386787	GANADO 1.5 W
#C1E3FF	0.763958186633623	0.325727761148474	EL CAMPO 4.9 SSE
#C3E4FF	0.783707951320301	0.313191895568019	BAY CITY WATERWORKS
#D3EBFF	0.807924265173497	0.326674346916794	WEST COLUMBIA 1 ESE
#E1F1FF	0.819239523062007	0.324278035196993	ANGLETON LAKE JACKSON BRAZORIA CO AIRPORT
#FFFFFF	0.230873812389173	0.352206579262291	BIG BEND RANCH SP
#FFFFFF	0.244778976306021	0.337896931341201	LAJITAS
#FDFEFF	0.263898576691687	0.351652272280843	TERLINGUA 11.1 NE
#D8EDFF	0.282748106662633	0.344625365316016	PANTHER JUNCTION 2 N
#C3E4FF	0.433752092903062	0.354219139994936	AMISTAD DAM
#C9E6FF	0.440794698333058	0.347183705230395	DEL RIO AIRPORT
#A7D7FF	0.474318054170439	0.341546829619048	BRACKETTVILLE 2.0 W
#5FB1F6	0.528699155883091	0.341742969012483	KNIPPA 1.8 NW
#64B8FF	0.556149389830494	0.345631645682338	D HANIS 2.4 NNE
#64B8FF	0.57252673677439	0.349400933156189	HONDO 8.7 ENE
#70BEFF	0.592117229165209	0.351908106272281	LACKLAND AFB 7.8 WNW
#75C0FF	0.614276852937077	0.347226344228968	CHINA GROVE 4.6 WSW
#6DBCFF	0.642675795777213	0.349562961350767	NEW BERLIN 6.7 SE
#62B6FD	0.66243248534632	0.354577307582949	LEESVILLE 4.2 NE
#5FB0F5	0.676870865210178	0.352087190066287	GONZALES 10 SW
#80C5FF	0.702963822201553	0.351515827485409	SHINER 1.9 E
#93CEFF	0.717180605827694	0.350935937104817	HALLETTSVILLE 1.6 SSE
#8ECBFF	0.734485887017037	0.338186876531497	SPEAKS 2
#F1F8FF	0.753937881759281	0.353809805608635	GARWOOD 0.7 NW
#BADFFF	0.777150087660314	0.345119977699463	WHARTON 3.1 NE
#90CCFF	0.807501847345345	0.356044089133859	THOMPSONS 3 WSW
#BCE0FF	0.817058185096964	0.355020753168107	MISSOURI CITY 7.5 SSE
#DFF0FF	0.843199616265341	0.350287824326507	SANTA FE 2.5 NNW
#DCEFFF	0.855789052520733	0.349545905751338	TEXAS CITY 1.5 E
#F2F9FF	0.285213364807253	0.371232100425553	PERSIMMON GAP
#F3F9FF	0.38494552154552	0.385763471139223	LANGTRY 10.6 W
#EBF6FF	0.414036952628527	0.374634692511676	COMSTOCK 8.5 WNW SEMINOLE CAN
#82C6FF	0.475779204362896	0.373577245347066	ROCKSPRINGS 26 SSW
#81C5FF	0.501518992350408	0.376084418463157	CAMP WOOD 4.1 NW
#70BEFF	0.509918874736432	0.377670589210072	CAMP WOOD 6.8 NE
#60B2F7	0.537369108683834	0.378344285387525	VANDERPOOL 1.4 SE
#58A4E4	0.556938826427366	0.383998216598301	MEDINA 1 NE
#59A6E6	0.573724741434557	0.377175976826625	BANDERA 4.0 E
#5CABED	0.596105961444145	0.374728498308537	SCENIC OAKS 0.8 SW
#61B4FA	0.612968050158051	0.375760362074003	TIMBERWOOD PARK 2.3 ENE
#66B9FF	0.635487767816213	0.375044026897977	NEW BRAUNFELS 0.1 ENE
#6DBCFF	0.659620983080263	0.37319349435991	KINGSBURY
#69BBFF	0.679121451999509	0.377329477221488	HARWOOD 4.7 NNE
#62B6FD	0.704999737635595	0.373116744162478	FLATONIA 0.4 SW
#85C7FF	0.719389643322451	0.373730745741929	SCHULENBURG 0.6 NNE
#5EAFF3	0.740600558201588	0.372920604769042	COLUMBUS 3.2 WSW
#9BD1FF	0.763992811045767	0.371351489621557	ATTWATER NWR
#71BEFF	0.786152434817635	0.375248694091127	FULSHEAR 2.7 WNW
#84C7FF	0.805161237084442	0.375078138096835	MISSION BEND 0.8 N
#9ED2FF	0.820970743669185	0.376152640860874	WEST UNIVERSITY PLACE 0.4 WNW
#D2EAFF	0.846641282832409	0.371547629014993	LA PORTE 1.3 W
#ECF6FF	0.890122619602273	0.371991074600152	ANAHUAC NWR
#FFFFFF	0.912393041493001	0.374617636912247	MCFADDEN
#D5EBFF	0.351726860535003	0.404302907718752	DRYDEN TERRELL CO AIRPORT
#FFFFFF	0.378920873832543	0.406068162259673	DRYDEN 17.7 NE
#A2D4FF	0.407458314321253	0.405684411272517	COMSTOCK 29.7 NW
#FFFFFF	0.423461717614	0.400627426041762	HUDSPETH RIVER RANCH
#85C7FF	0.473805612870715	0.389728898006509	ROCKSPRINGS 17.9 WSW
#84C7FF	0.490646926937335	0.394095131460382	ROCKSPRINGS 6.2 S
#85C7FF	0.511345400516746	0.390146760192525	LEAKEY 14.0 NW
#A7D7FF	0.539259601586873	0.405556494276798	HUNT 10 W
#76C1FF	0.551530493250545	0.404260268720179	INGRAM 5.9 WSW
#5EB0F4	0.572547511421677	0.400209563855747	CENTER POINT 3.5 NNE
#58A4E4	0.595060304197409	0.397787668736801	BOERNE 12.4 N
#5CABED	0.615994223779397	0.395630135409009	CANYON DAM NUMBER 3
#5EB0F4	0.636228730236085	0.40034600865118	WIMBERLEY 1 NW
#5FB0F5	0.661130607449723	0.402315930385251	KYLE 7.8 ENE
#74BFFF	0.674758776069422	0.402213596788676	CEDAR CREEK 5.3 SW
#7AC2FF	0.701031780003944	0.40077239863691	SMITHVILLE
#6BBBFF	0.723018281715095	0.401855429200663	LA GRANGE 7.8 NNE
#61B4FA	0.738779314122837	0.407168248422856	BURTON 6.9 SSW
#63B8FF	0.764359829814488	0.396065053194453	BELLVILLE 0.4 NE
#84C7FF	0.781768984240263	0.389362202618782	BROOKSHIRE 6.9 NNW
#8BCAFF	0.80227356111167	0.402000401795812	CYPRESS
#99D0FF	0.826295978256862	0.398495476113113	HOUSTON INTERCONTINENTAL AIRPORT
#91CDFF	0.837652785439945	0.400388647649753	KINGWOOD 3.9 S
#DFF0FF	0.865421563979068	0.405249493487072	LIBERTY
#C6E5FF	0.909706187110662	0.402119790991816	BEAUMONT 4.6 S
#B8DEFF	0.929649848505343	0.403850934333879	BRIDGE CITY 1.3 NW
#AAD8FF	0.938859942135527	0.407210887421429	ORANGE 2.1 SE
#E3F2FF	0.226864305462951	0.427754356933888	MARFA 1.0 NNE
#E2F1FF	0.243165478700131	0.431779478399177	ALPINE 7 NW
#ECF6FF	0.257091417264265	0.423771874467173	ALPINE 7.9 SE
#E6F3FF	0.278420055144689	0.416617050506627	MARATHON
#93CDFF	0.411917938605341	0.436708546634213	OZONA 20.9 SSW
#9DD2FF	0.424680496921453	0.436427129243632	OZONA 19.6 S
#6CBCFF	0.483818992862628	0.430952281826862	HUMBLE PUMP STATION 5 WN
#98D0FF	0.518519578712888	0.438175328185124	JUNCTION 4 SSW
#8AC9FF	0.553504084742726	0.425468906610377	HARPER 3.3 WSW
#80C5FF	0.57418870855728	0.425972046793538	FREDERICKSBURG 8.0 WNW
#82C6FF	0.595967463795571	0.429886306862537	GOLD
#81C5FF	0.615170162770381	0.42625346418412	JOHNSON CITY 2.2 N
#67BAFF	0.639310302916861	0.423371067880587	DRIPPING SPRINGS 6.0 NNE
#73BFFF	0.655389879916322	0.427754356933888	WEST LAKE HILLS 2.4 NNW
#76C1FF	0.677307132803187	0.423788930066602	MANOR 5.5 SSE
#77C1FF	0.69655138107257	0.426040269191255	MCDADE 1.4 NNE
#5EAFF3	0.724576380261554	0.430568530839705	DIME BOX
#83C6FF	0.744561590950809	0.428914137695073	SOMERVILLE DAM
#56A1DF	0.766568867309246	0.419081584624145	WASHINGTON 8.6 SSW
#58A4E4	0.772586590139795	0.419806447599886	HEMPSTEAD 10.0 NNW
#83C6FF	0.802966049354541	0.433527677340669	MONTGOMERY
#8FCCFF	0.822563466627788	0.430619697637992	CONROE MONTGOMERY CO AIRPORT
#9CD2FF	0.845221681934524	0.426688381969564	COLDSPRINGS
#9BD1FF	0.905232713061716	0.42339665127973	LUMBERTON 1.2 WNW
#FFFFFF	0.928555717081607	0.437151992219372	KIRBYVILLE
#BAE0FF	0.93852062289652	0.419507974609875	ORANGE 9 N
#F3F9FF	0.154540833377514	0.459656855666188	BOSQUE BONITA
#D9EDFF	0.171125926794271	0.457217904947814	VALENTINE 20 WNW
#E7F4FF	0.193957264161725	0.450583276769859	VALENTINE
#E4F3FF	0.226372638810512	0.460347607443071	MOUNT LOCKE
#E9F5FF	0.235818178443271	0.451342250944458	FORT DAVIS
#B9DFFF	0.341187189478507	0.447956714457764	FORT STOCKTON 38 SE
#E6F3FF	0.395956084607168	0.441296502880665	OZONA 26.8 SW
#74BFFF	0.434319933262216	0.439343636746023	OZONA 20.3 SSE
#76C0FF	0.459948923130868	0.449926636191836	SONORA
#91CDFF	0.461285425439608	0.448792438829794	SONORA 0.8 ESE
#9ED2FF	0.521157958918226	0.443761036998183	JUNCTION KIMBLE CO AIRPORT
#DDEFFF	0.532708662809314	0.448766855430651	JUNCTION 11.6 ENE
#9DD2FF	0.558517699621112	0.463468782138612	MASON 0.6 SSE
#80C5FF	0.575144342332442	0.452604365302218	MASON 17.3 ESE
#8CCAFF	0.591895632927489	0.455256511013457	LLANO 8.4 SSW
#7DC3FF	0.615945749602396	0.451325195345029	HIGHLAND HAVEN 1.3 SW
#82C6FF	0.637405960248965	0.452638476501077	BERTRAM 9.1 SSW
#8CCBFF	0.656892579403353	0.453209839081955	GEORGETOWN 7.4 WSW
#8AC9FF	0.67556898731358	0.455887568192337	GEORGETOWN 8.9 E
#88C9FF	0.698282601679746	0.452621420901647	THORNDALE
#80C5FF	0.725421215917857	0.456262791379779	MILANO 4.3 SE
#5196D1	0.733350206298729	0.445637152935394	CALDWELL
#85C7FF	0.759560886291393	0.455375900209462	BRYAN 2.9 ESE
#60B2F8	0.801726495399802	0.453550951070538	HUNTSVILLE 11.5 WSW
#8ACAFF	0.823415227166518	0.461839972393125	DODGE 1.6 S
#96CFFF	0.845928019942252	0.459759189262763	LIVINGSTON 8.4 W
#ADDAFF	0.863330249485598	0.443027646222728	ACE 2.4 S
#AFDAFF	0.889617103184977	0.445799181129972	WILDWOOD
#FFFFFF	0.896853605322978	0.446276737913989	SOUTHERN ROUGH
#C9E6FF	0.928431069197892	0.454821593228013	KIRBYVILLE 1.5 SE
#F3F9FF	0.1452753406879	0.47088796789031	BOB LOVE RANCH
#ECF6FF	0.148523110546966	0.479603379198626	FRENCHMAN CANYON
#FFFFFF	0.17001102072325	0.489035125682968	VAN HORN
#D8EDFF	0.220313366685392	0.486826425556888	KENT 8 SE
#E4F2FF	0.245970056083758	0.484148696446505	BALMORHEA
#CBE7FF	0.303100336120608	0.477565235066838	FORT STOCKTON
#96CFFF	0.345653738645025	0.475910841922206	BAKERSFIELD
#92CDFF	0.366518409402726	0.470615078299443	IRAAN 8.4 SW
#FFFFFF	0.42480514480517	0.484251030043081	BARNHART
#7DC4FF	0.46347368828708	0.474341726774721	ELDORADO
#9ED2FF	0.497343288245897	0.470768578694306	FORT MCKAVETT
#8DCBFF	0.519772982432485	0.477326456674829	MENARD
#7AC2FF	0.561419225358741	0.465182869881246	MASON 2.9 ENE
#7DC4FF	0.578156666188931	0.483185055078756	TAYLOR RANCH
#6CBCFF	0.591819459220774	0.474273504377004	LLANO 9.2 NNW
#88C9FF	0.617351500735424	0.472482666436939	BURNET 10.6 NW
#92CDFF	0.634262063626332	0.478801766025454	LAMPASAS 10.2 SSE
#7DC4FF	0.657848213178514	0.471766331260913	FLORENCE 3 SE
#9FD3FF	0.676441522499598	0.479458406603478	SALADO 1.5 S
#8FCCFF	0.694106897575235	0.468542822968796	DAVILLA 2 N
#83C6FF	0.727574854353185	0.470043715718565	GAUSE 4.5 WNW
#78C1FF	0.787641284539808	0.477147372880823	MADISONVILLE 3.5 S
#5EAFF3	0.804524147901	0.466658179231871	HUNTSVILLE 8.7 WNW
#86C8FF	0.821386236614907	0.473199001612965	RIVERSIDE 2.0 WNW
#98D0FF	0.845803372058535	0.473565697000693	LIVINGSTON 13.4 NW
#ADD9FF	0.89196463832831	0.465677482264693	WOODVILLE
#A5D6FF	0.91309937950073	0.477207067478825	JASPER 6.7 W
#94CEFF	0.91980266569172	0.47825598684372	JASPER
#F1F8FF	0.107396233802862	0.501281046073127	FORT HANCOCK 8 SSE
#FFFFFF	0.145538486220191	0.493273442141122	DEAN WALKER RANCH
#FFFFFF	0.154464659670797	0.509902651584582	LC RANCH
#F3F9FF	0.176956677799244	0.490706574427029	VAN HORN 6.0 ENE
#CDE8FF	0.304970054376359	0.490442212635876	FORT STOCKTON 11.5 N
#78C1FF	0.351131320646134	0.496829534622108	MCCAMEY
#93CEFF	0.403705028044893	0.502534632631172	BIG LAKE 2
#73BFFF	0.458425448996551	0.506517115097888	KNICKERBOCKER 3.2 SW
#93CDFF	0.514710893377099	0.500965517483687	EDEN 2.5 SSW
#9FD3FF	0.550602559005098	0.506517115097888	BRADY 8.1 NNE
#96CFFF	0.595025679785266	0.502295854239163	SAN SABA 1.5 E
#CDE8FF	0.617206078204421	0.494697584693459	NIX STORE 1 W
#91CDFF	0.633721922796892	0.492429189969377	LAMPASAS 2.7 ENE
#92CDFF	0.651096452810523	0.49510691907976	COPPERAS COVE 0.8 ESE
#9DD2FF	0.680478728955536	0.498330427371877	MORGAN S POINT RESORT 0.8 WSW
#A0D4FF	0.702576028785546	0.49983984792136	LOTT 7.2 WSW
#9FD3FF	0.722665112711231	0.498927373351898	REAGAN 6.0 SW
#8ECBFF	0.734714408137184	0.499029706948473	BREMOND
#7DC3FF	0.783749500614873	0.507489284265352	CENTERVILLE
#5CABEE	0.820008185011594	0.511676433925218	CROCKETT
#61B4FA	0.868233066245123	0.505613168328141	LUFKIN ANGELINA CO AIRPORT
#7DC4FF	0.893772032642203	0.497963731984149	ZAVALLA 2.0 ESE
#9BD1FF	0.913473323151879	0.490757741225317	SAM RAYBURN DAM
#9CD2FF	0.922842689077923	0.506346559103596	PINELAND
#9BD1FF	0.948222383179142	0.498356010771021	BURKEVILLE 11.2 NNE
#FFFFFF	0.0854651311511409	0.519829010452371	TORNILLO 2 SSE
#F3F9FF	0.0939550370087376	0.516562863161681	ACALA 2.4 NW
#EDF7FF	0.134250927861396	0.516307029170243	SIERRA BLANCA 12.9 N
#88C9FF	0.310586134026043	0.538513419627048	MONAHANS 6 ENE
#96CFFF	0.341706555660661	0.520204233639813	CRANE 2 E
#81C5FF	0.416052093415281	0.530957789079917	COPE RANCH
#64B8FF	0.444174040958268	0.522694351156475	MERTZON 12 NNW
#5DADF0	0.469207490938052	0.523649464724509	SAN ANGELO 3.8 W
#B5DDFF	0.493984720267973	0.528859950350127	MILES 6.5 SSE
#B4DDFF	0.515368757207826	0.53268893242198	PAINT ROCK 5 NE
#CEE8FF	0.528567583116945	0.528638227557547	COLEMAN
#A6D6FF	0.558801619800689	0.535554273126084	SANTA ANNA 12 SSE
#8ECBFF	0.593322158707804	0.530505815695044	MULLIN 3.9 WSW
#CBE7FF	0.664122156658925	0.520818235219264	GATESVILLE 4 SSE
#B2DCFF	0.681392813436125	0.530957789079917	CRAWFORD
#A7D7FF	0.698338000739176	0.532228431237392	WACO 2.0 SW
#9DD2FF	0.742809595696345	0.518882424684051	THORNTON 1 SSE
#D3EBFF	0.752539055508682	0.532902127414845	MEXIA 9.4 SSE
#87C8FF	0.795390227977534	0.539494116594227	OAKWOOD 4.2 NE
#FFFFFF	0.841800790014741	0.519163842074632	RATCLIFF
#5FB1F5	0.858552080609788	0.521884210183588	LUFKIN 11 NW
#60B3F8	0.889367807417543	0.517722643922866	ETOILE 0.9 SW
#F0F8FF	0.055521939529403	0.552874234346426	EL PASO 5.1 SW
#FAFDFF	0.0690323851478141	0.551518314191806	EL PASO 11.3 ENE
#FFFFFF	0.0865246381627331	0.564506153157134	HUECO TANKS SPHS
#FFFFFF	0.11588613966046	0.551066340806933	CORNUDAS 8.7 WSW
#FFFFFF	0.142332265655699	0.560259308899266	DELL CITY 5 SSW
#E3F2FF	0.171970762450574	0.556353576629981	PINE SPRINGS GUADALUPE MOUNTAINS NATIONAL PARK
#D8EDFF	0.283267472844785	0.551995870975823	WINKLER CO AIRPORT
#BCE0FF	0.332842706151914	0.557530412990595	ODESSA 8.3 WSW
#B5DDFF	0.341651156601232	0.556831133413999	ODESSA 1 SE
#A3D5FF	0.361213949462335	0.558144414570046	MIDLAND 12.1 S
#77C1FF	0.380028855021137	0.54965072605431	MIDLAND 25.7 SE
#8DCBFF	0.43692368905541	0.556660577419707	STERLING CITY
#5197D1	0.454547514836474	0.542828486282633	WATER VALLEY
#58A3E2	0.46787791351174	0.560830671480144	ROBERT LEE 4 WSW
#B1DBFF	0.506615705817938	0.548704140285989	BALLINGER 2 NW
#9DD2FF	0.530658897610416	0.560284892298409	GLEN COVE 2 NE
#ACD9FF	0.544183192993685	0.556097742638543	COLEMAN
#9AD1FF	0.577997393893071	0.548439778494837	BROWNWOOD 2 ENE
#98D0FF	0.592248801931354	0.5426920414872	ZEPHYR 2.2 ESE
#8DCBFF	0.637572157427254	0.545548854391589	HAMILTON 2 E
#9ED3FF	0.6556738000959	0.551288063599512	CRANFILLS GAP
#8FCCFF	0.686759597318375	0.55891191654436	WHITNEY DAM
#95CFFF	0.698088704971743	0.557206356601441	AQUILLA 1 SSE
#A6D6FF	0.802550556408818	0.552626928154703	PALESTINE 3.9 WNW
#6EBDFF	0.833089287919425	0.558937499943504	DIALVILLE 2 W
#7EC4FF	0.841336822892018	0.554485988492485	RUSK
#8ECBFF	0.884215694890584	0.545045714208428	NACOGDOCHES 9.5 NE
#75C0FF	0.907663346794193	0.553658791920169	CENTER 0.6 NW
#DFF0FF	0.0496704138771435	0.570663224551072	ANTHONY 1.0 ENE
#DDEFFF	0.305572519147657	0.575302347595811	ANDREWS 26.7 SW
#C3E3FF	0.364697165323975	0.572343201094847	MIDLAND
#9AD1FF	0.402202328557863	0.577741298314185	LEES
#85C7FF	0.487710776787563	0.574236372631487	BRONTE 11 NNE
#ADD9FF	0.513346691538643	0.591249333062104	LAKE ABILENE STATE PARK
#8FCCFF	0.541115470077766	0.574023177638622	COLEMAN 14.7 NNW
#87C8FF	0.5557408217672	0.584665871682437	CROSS PLAINS 6.5 WNW
#6BBBFF	0.601029552850957	0.579267774463098	DE LEON 4.5 W
#77C1FF	0.609256313176263	0.567627327852676	PROCTOR RESERVOIR
#63B8FF	0.627420279786767	0.590490358887505	STEPHENVILLE 1 N
#7EC4FF	0.658630724892959	0.584930233473589	GLEN ROSE 5.1 SSW
#9BD1FF	0.67288905781367	0.580248471430276	KOPPERL 5.2 WNW
#8BCAFF	0.702880723612409	0.584375926492141	ITASCA
#8ACAFF	0.72454868073184	0.577903326508763	FROST 1.3 WNW
#97CFFF	0.745074032250533	0.575805487778972	CORSICANA 4.3 WSW
#A5D6FF	0.758397506043369	0.579796498045403	POWELL 1.0 SW
#73BFFF	0.786761824471362	0.576956740740443	ATHENS 10.1 SSW
#A0D4FF	0.798174030713875	0.589611995516902	ATHENS
#8ECBFF	0.833470156453004	0.582363365759496	BULLARD 3.7 E
#96CFFF	0.841662292366167	0.56859949702014	NEW SUMMERFIELD 2 W
#93CEFF	0.865075319857632	0.583548729919825	HENDERSON
#79C2FF	0.888931539824535	0.585092261668167	CARTHAGE 7.0 W
#6FBDFF	0.89695055367698	0.584520899087289	CARTHAGE
#DDEFFF	0.327662894095239	0.597380821056898	ANDREWS 2
#DCEFFF	0.374966765965751	0.5970311812686	LENORAH
#C8E6FF	0.406800450490526	0.602642473480803	BIG SPRING 5 NE
#B0DBFF	0.436265825224683	0.607767681109274	COLORADO CITY 8.2 WNW
#8CCBFF	0.468528852460039	0.608970100869032	ROSCOE
#76C0FF	0.49651922723688	0.598020406035492	MERKEL 12 SW
#A8D7FF	0.519011245365327	0.601585026316193	ABILENE 7.3 SSW
#B5DDFF	0.5269887099232	0.605772175976059	ABILENE AIRPORT
#95CFFF	0.560899859176588	0.602002888502208	PUTNAM
#93CDFF	0.5751581920973	0.608603405481305	CISCO 4.1 N
#8BCAFF	0.599796923778647	0.605610147781482	RANGER 4.9 SSE
#74BFFF	0.642918166662218	0.596169873497425	BLUFF DALE 3.7 SSE
#7BC3FF	0.65631781416177	0.603930171237707	GRANBURY 3.9 SSW
#80C5FF	0.680478728955536	0.608415793887584	JOSHUA 5.2 WSW
#69BBFF	0.700048446699068	0.610360132222511	ALVARADO 4 NE
#7DC3FF	0.718212413309571	0.606855206539813	MIDLOTHIAN 6.6 SE
#89C9FF	0.742906544050348	0.608611933281019	ENNIS 8.2 NNE
#8FCCFF	0.758799149224235	0.605431063987475	GRAYS PRAIRIE 4.6 S
#A8D7FF	0.778694336441916	0.594583702750511	PAYNE SPRINGS 2.5 E
#92CDFF	0.800542340504493	0.60922593486047	BEN WHEELER 1.7 WNW
#A2D4FF	0.82335290322466	0.600962496937028	TYLER POUNDS FIELD
#8ECBFF	0.839328606987692	0.601781165709629	TYLER 8.1 ENE
#A2D4FF	0.861342808228558	0.606693178345235	KILGORE 2.5 NNE
#8CCBFF	0.879693746664637	0.614342614689227	HALLSVILLE 1 W
#66B9FF	0.904526375053988	0.60827934909215	MARSHALL 9.7 SE
#D0E9FF	0.320800335608388	0.631568770112709	SEMINOLE
#DAEEFF	0.3702509210318	0.632395966685025	LAMESA 1 SSE
#D2EAFF	0.404300567933762	0.636796311337756	GAIL
#B9DFFF	0.441888829756794	0.631304408321557	SNYDER
#B4DCFF	0.487586128903846	0.632114549294443	SYLVESTER 0.2 SE
#87C8FF	0.512598804236342	0.636139670759732	ANSON
#89C9FF	0.530942817789992	0.62334797118784	ABILENE 13.0 NNE
#89C9FF	0.55337943685901	0.630852434936683	ALBANY
#82C6FF	0.581037417279273	0.634715528207395	BRECKENRIDGE
#C0E2FF	0.611084482137442	0.626972286066542	STRAWN 8 NNE
#B9DFFF	0.639303378034432	0.637418840716921	MINERAL WELLS AIRPORT
#A5D6FF	0.659406311724974	0.634570555612247	WEATHERFORD
#90CCFF	0.680852672606686	0.63114238012698	BENBROOK 2.1 N
#77C1FF	0.698130254266314	0.625454337717344	KENNEDALE 0.6 SE
#67BAFF	0.718157014250141	0.62787623283629	DUNCANVILLE 1.7 NNW
#7FC4FF	0.743938351532225	0.634510861014244	MESQUITE 3.3 ESE
#8BCAFF	0.760481895654411	0.628967791199758	TERRELL 3.6 SSW
#92CDFF	0.780937998348817	0.630613656544675	WILLS POINT
#98D0FF	0.807453373168345	0.618359208354802	VAN 2.4 N
#ADD9FF	0.819239523062007	0.627287814655983	MINEOLA 1.6 E
#93CEFF	0.83789515632495	0.632796773271611	HOLLY LAKE RANCH
#98D0FF	0.865843981807219	0.630929185134114	DIANA 2 W
#9BD1FF	0.880303136318363	0.620260907691156	HALLSVILLE 5.5 N
#C8E6FF	0.912413816140287	0.626895535869111	CADDO LAKE
#BDE1FF	0.309568176309022	0.652785935802622	DENVER CITY
#D1EAFF	0.425213712868463	0.660580344741761	JUSTICEBURG 3.0 ENE
#9FD3FF	0.473050800685985	0.643720884706007	ROTAN
#B6DEFF	0.495141175633567	0.646270696820671	HAMLIN 0.6 WSW
#94CEFF	0.518581902654747	0.650943931064269	STAMFORD 1
#98D0FF	0.558822394447975	0.649519788511932	FORT GRIFFIN
#8BCAFF	0.570497746222779	0.65755297584308	WOODSON
#FFFFFF	0.605392228781044	0.64324332792199	POSSUME KINGDOM
#87C8FF	0.635065349988062	0.655037274927275	GRAFORD 8.1 ENE
#A1D4FF	0.66007110043813	0.658235199820248	SPRINGTOWN 6.0 NW
#93CDFF	0.68549926871635	0.655020219327846	HASLET 3.7 WNW
#97CFFF	0.696586005484713	0.656461417479612	ROANOKE
#84C7FF	0.720643047042048	0.657339780850216	CARROLLTON 2.0 NNE
#83C6FF	0.73962414977914	0.656077666492455	MURPHY 0.9 SSW
#A9D8FF	0.77062684841247	0.659045340793134	GREENVILLE
#A1D4FF	0.789843397152138	0.643430939515711	LAKE TAWAKONI
#88C9FF	0.795023209208812	0.660750900736054	CUMBY 5.6 SSE
#A6D6FF	0.821074616905615	0.647072309993843	QUITMAN 6.9 N
#CAE7FF	0.865075319857632	0.656035027493882	LINDEN
#C1E2FF	0.895025436361798	0.657408003247932	LINDEN
#BDE1FF	0.908972149573219	0.666643610338839	ATLANTA
#CCE7FF	0.309138833598442	0.671973485160461	PLAINS
#AEDAFF	0.347918175199213	0.67230606934933	BROWNFIELD 2
#A7D7FF	0.370943409274671	0.690026837156258	SLIDE 0.6 SSW
#ACD9FF	0.390914770199067	0.693275928847519	SLATON
#B4DDFF	0.409805849464586	0.672971237727068	POST
#C6E5FF	0.465336481660403	0.677729749967812	JAYTON
#A8D7FF	0.488825682858584	0.66903992205864	ASPERMONT
#A8D7FF	0.560338943699863	0.682846429796569	THROCKMORTON 10 N
#59A5E5	0.617933190859436	0.693676735434105	ANTELOPE
#5FB1F5	0.632669340667729	0.674847353664279	JACKSBORO
#63B8FF	0.655133659266461	0.675222576851721	LAKE BRIDGEPORT DAM
#75C0FF	0.672778259694811	0.67934150411387	DECATUR
#73BFFF	0.698441873975607	0.685916437693823	SANGER 1.8 WSW
#7FC5FF	0.722768985947661	0.68123467565051	CELINA 4.4 WSW
#76C0FF	0.74144539385789	0.682266539415977	ANNA 3.7 SSW
#73BFFF	0.769186472867298	0.678463140743267	CELESTE 2.2 SSE
#7DC4FF	0.783832599204017	0.681874260629105	COMMERCE 6.1 NW
#68BAFF	0.803215345121975	0.687963109625326	COOPER
#A8D7FF	0.848711822678593	0.681439342843661	MOUNT PLEASANT 9.8 NNW
#C7E5FF	0.909512290402658	0.681951010826536	WRIGHT PATMAN DAM AND LAKE
#FFFFFF	0.917316632899814	0.687920470626753	TEXARKANA
#BCE0FF	0.313951626886395	0.717290212843818	MORTON
#A4D5FF	0.340460076823493	0.702937925924155	LEVELLAND
#9DD2FF	0.370929559509813	0.705547432636821	LUBBOCK 3.5 W
#A0D4FF	0.387985544931724	0.701095921185802	RANSOM CANYON 0.4 WSW
#5BA9EB	0.429327093031116	0.69493032199215	WHITE RIVER RESERVOIR
#60B3F9	0.445295871911719	0.706758380196293	DICKENS 2.4 SW
#A5D6FF	0.46814798392646	0.707133603383736	PITCHFORK RANCH
#97CFFF	0.481651504662442	0.709478748305249	GUTHRIE
#A7D7FF	0.51937133925162	0.705521849237677	BENJAMIN 0.2 SSE
#A5D6FF	0.530160306075549	0.69441012620956	MUNDAY 1 W
#58A4E4	0.554168873455883	0.709973360688696	SEYMOUR
#5095CE	0.610911360076725	0.712599923000791	SCOTLAND
#61B5FB	0.686628024552229	0.712011504820484	MUENSTER
#58A4E4	0.708628376028237	0.71113314144988	GAINESVILLE 5 ENE
#64B8FF	0.716044925109385	0.712062671618771	WHITESBORO 2.8 W
#7BC3FF	0.736611825922651	0.711840948826192	SHERMAN 3.6 NW
#71BEFF	0.766485768720102	0.711823893226763	RAVENNA 1.7 SE
#FFFFFF	0.787385063889946	0.719234551178746	CADDO
#6EBDFF	0.812543161753446	0.713546508769111	PARIS
#71BEFF	0.814482128833483	0.718270909810997	PARIS 4.5 NNE
#FFFFFF	0.839681775991556	0.70881357992751	CLARKSVILLE
#CAE7FF	0.864555953675479	0.709308192310957	AVERY 5 NNW
#AEDAFF	0.877727080054884	0.699168638450304	DE KALB 0.1 SSW
#A7D6FF	0.312587425047939	0.737424347969977	MULESHOE NWR
#C8E6FF	0.342613715258822	0.736008733217355	LITTLEFIELD
#ABD8FF	0.37631019315692	0.727668545096481	ABERNATHY
#A6D6FF	0.412610426848213	0.740033854682643	FLOYDADA
#A3D5FF	0.418669698973334	0.730747080793449	FLOYDADA 9 SE
#96CFFF	0.445406670030579	0.732640252330089	ROARING SPRINGS
#7DC4FF	0.469186716290765	0.725059038383814	DUMONT
#67BAFF	0.484338359044781	0.724965232586954	PADUCAH 15 S
#8ECBFF	0.516483663278848	0.722304559076	TRUSCOTT 2.7 NW
#5BA9EA	0.536780493677394	0.740016799083214	CROWELL 10.5 E
#559EDC	0.564244577389655	0.720351692941358	LAKE KEMP
#5EAFF3	0.601867463624831	0.729450855236831	WICHITA FALLS 7.2 WSW
#5DADF0	0.615945749602396	0.725135788581245	RAYMOND 4.8 S
#89C9FF	0.667522273931421	0.728282546675931	BONITA 4 NW
#62B7FE	0.720920042339197	0.727361544306755	GORDONVILLE 3.3 NNW
#65B9FF	0.734769807196614	0.722577448666867	POTTSBORO 0.8 NW
#71BEFF	0.814946095956208	0.723924841021773	POWDERLY 1.0 S
#A7D6FF	0.315738246553002	0.760005961614225	MULESHOE NUMBER 1
#A3D5FF	0.357093644417253	0.756637480726959	OLTON
#92CDFF	0.387106084863277	0.757447621699846	PLAINVIEW
#B9DFFF	0.416619933774436	0.761097519977693	SOUTH PLAINS 2.0 ENE
#9ED2FF	0.438772632663875	0.761088992177979	FLOMOT 2 E
#9CD2FF	0.440330731210335	0.764124888876374	FLOMOT 4 NE
#AAD8FF	0.476125448484332	0.752680581659387	MATADOR W.M.A.
#59A5E5	0.551682840663977	0.754249696806873	VERNON
#A2D4FF	0.316409960148587	0.795890942813241	FRIONA
#77C1FF	0.34487815181301	0.79126887536793	DIMMITT 2 N
#89C9FF	0.358347048136848	0.77284030018469	HART
#6CBCFF	0.383006554465482	0.78800272807724	TULIA
#9ED2FF	0.414916412696973	0.78158129489215	SILVERTON
#87C8FF	0.442851388414385	0.77504900031077	TURKEY
#82C6FF	0.489864415222891	0.778715954188046	CHILDRESS 2
#88C9FF	0.33876348062846	0.811002203907503	HEREFORD
#88C9FF	0.401322868489417	0.796931334378421	VIGO PARK
#5AA8E9	0.443329205301966	0.820834756978431	CLARENDON
#76C0FF	0.46653448632057	0.804759854516419	MEMPHIS 1.4 NNW
#9AD1FF	0.490418405817187	0.813134153836151	WELLINGTON
#75C0FF	0.371379676867679	0.841830199875764	AMARILLO 6.5 WSW
#82C6FF	0.383165826761342	0.840244029128849	AMARILLO 4.5 SE
#60B3F8	0.487648452845704	0.844925791172162	SHAMROCK 2
#AAD8FF	0.321686720559263	0.856344514990005	ADRIAN 6 N
#AEDAFF	0.348728386443372	0.87181394367228	BOYS RANCH
#86C8FF	0.408746342452993	0.856557709982869	PANHANDLE
#A2D4FF	0.448792937538217	0.864258313125148	LEFORS
#99D0FF	0.296736369168625	0.879463380016271	BRAVO
#FFFFFF	0.396489300554178	0.883445862482987	CEDAR
#73BFFF	0.408379323684272	0.885859229802218	BORGER HUTCHINSON CO AIRPORT
#7BC3FF	0.437560778238851	0.873869143403497	PAMPA 2
#7EC4FF	0.440656200684484	0.874892479369249	PAMPA 3 E
#CFE9FF	0.460717585080454	0.885739840606214	MIAMI
#8CCAFF	0.488707959857296	0.885671618208497	BRISCOE 8.1 NNE
#9ED3FF	0.328396931632682	0.91329316148407	DALHART AIRPORT
#99D0FF	0.368388127658477	0.901047241093912	DUMAS
#5CABED	0.453778852886888	0.920541791241476	PERRYTON 21 S
#80C5FF	0.464166176529952	0.920516207842332	NOTLA 3 SE
#86C8FF	0.486339650066678	0.912627993106331	GLAZIER
#76C0FF	0.503326386664301	0.921769794400378	HIGGINS 1 N
#69BAFF	0.295552214273316	0.944129685252046	TEXLINE 0.3 WNW
#89C9FF	0.349822517867108	0.931934931660175	CONLEN
#96CFFF	0.361857963528204	0.940317758779621	STRATFORD 0.5 ESE
#89C9FF	0.407686835441401	0.934305659980832	GRUVER
#8AC9FF	0.436002679692392	0.949459560073668	PERRYTON 11 WNW
#70BDFF	0.447927327234629	0.945101854419509	PERRYTON
#8AC9FF	0.486457373067966	0.931977570658747	LIPSCOMB
#9ED2FF	0.467628617744306	0.950525535037992	BOOKER
